horizon_month,model_name,config_name,feature_set_name,feature_set_type,top_k_groups,groups_used,n_features,paired_final_seed,threshold_target,threshold,selection_source,frozen_groups_csv,frozen_groups_sha256,used_final_test_for_selection,prediction_csv,model_file,n_samples,positive_rate,pred_positive_rate,acc,precision,recall,f1,f05,auc,pr_auc,brier,tp,fp,fn,tn,full_auc,full_pr_auc,full_brier,delta_auc_vs_full,delta_pr_auc_vs_full,delta_brier_vs_full
1,ExtraTrees,et_cfg0_depth12_leaf5,full_features,full,0,ALL,282,10042,f1,0.14,inner_validation_frozen_csv,PROJECT_ROOT/outputs/shap_inner_validation_catboost_extratrees_xgb_binary_m5/selected_groups_inner_validation.csv,9f88101bcec6c7f99fce864c5174eeb1a6933ed5ddc75035c2e0719f4f4a8ce8,False,PROJECT_ROOT/outputs/feature_group_ablation_inner_frozen_cat_et_xgb_m5/predictions/predictions_test_extratrees_H1m_full_features.csv,,9095,0.0349642660802638,0.0474986256184716,0.9340296866410116,0.1736111111111111,0.2358490566037736,0.2,0.1832844574780058,0.8178264661139069,0.1336585111425955,0.0319319386374827,75,357,243,8420,0.8178264661139069,0.1336585111425955,0.0319319386374827,0.0,0.0,0.0
1,ExtraTrees,et_cfg0_depth12_leaf5,only_top1_groups,only_top_groups,1,monthly_lag/magnitude_extreme,60,10042,f1,0.08,inner_validation_frozen_csv,PROJECT_ROOT/outputs/shap_inner_validation_catboost_extratrees_xgb_binary_m5/selected_groups_inner_validation.csv,9f88101bcec6c7f99fce864c5174eeb1a6933ed5ddc75035c2e0719f4f4a8ce8,False,PROJECT_ROOT/outputs/feature_group_ablation_inner_frozen_cat_et_xgb_m5/predictions/predictions_test_extratrees_H1m_only_top1_groups.csv,,9095,0.0349642660802638,0.0936778449697636,0.897306212204508,0.1384976525821596,0.3710691823899371,0.2017094017094017,0.158346752549651,0.8113160970317647,0.1267647737760361,0.0321357545249571,118,734,200,8043,0.8178264661139069,0.1336585111425955,0.0319319386374827,-0.006510369082142198,-0.006893737366559405,0.00020381588747440255
1,ExtraTrees,et_cfg0_depth12_leaf5,remove_top1_groups,remove_top_groups,1,monthly_lag/magnitude_extreme,222,10042,f1,0.12,inner_validation_frozen_csv,PROJECT_ROOT/outputs/shap_inner_validation_catboost_extratrees_xgb_binary_m5/selected_groups_inner_validation.csv,9f88101bcec6c7f99fce864c5174eeb1a6933ed5ddc75035c2e0719f4f4a8ce8,False,PROJECT_ROOT/outputs/feature_group_ablation_inner_frozen_cat_et_xgb_m5/predictions/predictions_test_extratrees_H1m_remove_top1_groups.csv,,9095,0.0349642660802638,0.0615722924683892,0.9230346344145136,0.1589285714285714,0.279874213836478,0.2027334851936218,0.1739640344018764,0.8094730868199691,0.1307316663857259,0.031967654820786,89,471,229,8306,0.8178264661139069,0.1336585111425955,0.0319319386374827,-0.008353379293937757,-0.0029268447568696065,3.571618330330123e-05
1,ExtraTrees,et_cfg0_depth12_leaf5,only_top2_groups,only_top_groups,2,monthly_lag/magnitude_extreme; annual/magnitude_extreme,65,10042,f1,0.11,inner_validation_frozen_csv,PROJECT_ROOT/outputs/shap_inner_validation_catboost_extratrees_xgb_binary_m5/selected_groups_inner_validation.csv,9f88101bcec6c7f99fce864c5174eeb1a6933ed5ddc75035c2e0719f4f4a8ce8,False,PROJECT_ROOT/outputs/feature_group_ablation_inner_frozen_cat_et_xgb_m5/predictions/predictions_test_extratrees_H1m_only_top2_groups.csv,,9095,0.0349642660802638,0.0448598130841121,0.9346893897746016,0.1617647058823529,0.2075471698113207,0.1818181818181818,0.1692307692307692,0.8177266841652319,0.1318067060507324,0.0319932308558903,66,342,252,8435,0.8178264661139069,0.1336585111425955,0.0319319386374827,-9.97819486749929e-05,-0.0018518050918631124,6.129221840760202e-05
1,ExtraTrees,et_cfg0_depth12_leaf5,remove_top2_groups,remove_top_groups,2,monthly_lag/magnitude_extreme; annual/magnitude_extreme,217,10042,f1,0.1,inner_validation_frozen_csv,PROJECT_ROOT/outputs/shap_inner_validation_catboost_extratrees_xgb_binary_m5/selected_groups_inner_validation.csv,9f88101bcec6c7f99fce864c5174eeb1a6933ed5ddc75035c2e0719f4f4a8ce8,False,PROJECT_ROOT/outputs/feature_group_ablation_inner_frozen_cat_et_xgb_m5/predictions/predictions_test_extratrees_H1m_remove_top2_groups.csv,,9095,0.0349642660802638,0.0700384826827927,0.9165475536008796,0.1538461538461538,0.3081761006289308,0.2052356020942408,0.1709699930216329,0.7933456726163222,0.1253591105756295,0.0321984867761691,98,539,220,8238,0.8178264661139069,0.1336585111425955,0.0319319386374827,-0.024480793497584696,-0.008299400566965986,0.00026654813868640104
1,ExtraTrees,et_cfg0_depth12_leaf5,only_top3_groups,only_top_groups,3,monthly_lag/magnitude_extreme; annual/magnitude_extreme; last100/magnitude_distribution,70,10042,f1,0.12,inner_validation_frozen_csv,PROJECT_ROOT/outputs/shap_inner_validation_catboost_extratrees_xgb_binary_m5/selected_groups_inner_validation.csv,9f88101bcec6c7f99fce864c5174eeb1a6933ed5ddc75035c2e0719f4f4a8ce8,False,PROJECT_ROOT/outputs/feature_group_ablation_inner_frozen_cat_et_xgb_m5/predictions/predictions_test_extratrees_H1m_only_top3_groups.csv,,9095,0.0349642660802638,0.034304562946674,0.9419461242440902,0.1634615384615384,0.160377358490566,0.1619047619047618,0.1628352490421455,0.8158813451108278,0.1289216545954397,0.0320138369390885,51,261,267,8516,0.8178264661139069,0.1336585111425955,0.0319319386374827,-0.0019451210030790866,-0.004736856547155804,8.189830160579975e-05
1,ExtraTrees,et_cfg0_depth12_leaf5,remove_top3_groups,remove_top_groups,3,monthly_lag/magnitude_extreme; annual/magnitude_extreme; last100/magnitude_distribution,212,10042,f1,0.14,inner_validation_frozen_csv,PROJECT_ROOT/outputs/shap_inner_validation_catboost_extratrees_xgb_binary_m5/selected_groups_inner_validation.csv,9f88101bcec6c7f99fce864c5174eeb1a6933ed5ddc75035c2e0719f4f4a8ce8,False,PROJECT_ROOT/outputs/feature_group_ablation_inner_frozen_cat_et_xgb_m5/predictions/predictions_test_extratrees_H1m_remove_top3_groups.csv,,9095,0.0349642660802638,0.0392523364485981,0.9396371632765256,0.1764705882352941,0.1981132075471698,0.1866666666666666,0.1804123711340206,0.794339909268292,0.1236875716103877,0.0322309099650437,63,294,255,8483,0.8178264661139069,0.1336585111425955,0.0319319386374827,-0.023486556845614848,-0.009970939532207804,0.0002989713275610012
1,CatBoost,cat_cfg1_depth5_lr002,full_features,full,0,ALL,282,11042,f1,0.08,inner_validation_frozen_csv,PROJECT_ROOT/outputs/shap_inner_validation_catboost_extratrees_xgb_binary_m5/selected_groups_inner_validation.csv,9f88101bcec6c7f99fce864c5174eeb1a6933ed5ddc75035c2e0719f4f4a8ce8,False,PROJECT_ROOT/outputs/feature_group_ablation_inner_frozen_cat_et_xgb_m5/predictions/predictions_test_catboost_H1m_full_features.csv,,9095,0.0349642660802638,0.0948873007146784,0.8980758658603628,0.1471610660486674,0.3993710691823899,0.2150719729043183,0.1684350132625994,0.816590746397639,0.1345907210787082,0.0321728845812153,127,736,191,8041,0.816590746397639,0.1345907210787082,0.0321728845812153,0.0,0.0,0.0
1,CatBoost,cat_cfg1_depth5_lr002,only_top1_groups,only_top_groups,1,monthly_lag/magnitude_extreme,60,11042,f1,0.11,inner_validation_frozen_csv,PROJECT_ROOT/outputs/shap_inner_validation_catboost_extratrees_xgb_binary_m5/selected_groups_inner_validation.csv,9f88101bcec6c7f99fce864c5174eeb1a6933ed5ddc75035c2e0719f4f4a8ce8,False,PROJECT_ROOT/outputs/feature_group_ablation_inner_frozen_cat_et_xgb_m5/predictions/predictions_test_catboost_H1m_only_top1_groups.csv,,9095,0.0349642660802638,0.0534359538207806,0.9287520615722924,0.1604938271604938,0.2452830188679245,0.1940298507462686,0.1724137931034482,0.8142309122685578,0.1263796949721606,0.0323714565112967,78,408,240,8369,0.816590746397639,0.1345907210787082,0.0321728845812153,-0.0023598341290811398,-0.008211026106547614,0.00019857193008140234
1,CatBoost,cat_cfg1_depth5_lr002,remove_top1_groups,remove_top_groups,1,monthly_lag/magnitude_extreme,222,11042,f1,0.12,inner_validation_frozen_csv,PROJECT_ROOT/outputs/shap_inner_validation_catboost_extratrees_xgb_binary_m5/selected_groups_inner_validation.csv,9f88101bcec6c7f99fce864c5174eeb1a6933ed5ddc75035c2e0719f4f4a8ce8,False,PROJECT_ROOT/outputs/feature_group_ablation_inner_frozen_cat_et_xgb_m5/predictions/predictions_test_catboost_H1m_remove_top1_groups.csv,,9095,0.0349642660802638,0.0422210005497526,0.936888400219901,0.1666666666666666,0.2012578616352201,0.1823361823361823,0.1725997842502696,0.8102161667537295,0.1276706260982553,0.032226739689487,64,320,254,8457,0.816590746397639,0.1345907210787082,0.0321728845812153,-0.006374579643909417,-0.006920094980452901,5.385510827170259e-05
1,CatBoost,cat_cfg1_depth5_lr002,only_top2_groups,only_top_groups,2,monthly_lag/magnitude_extreme; annual/magnitude_extreme,65,11042,f1,0.09,inner_validation_frozen_csv,PROJECT_ROOT/outputs/shap_inner_validation_catboost_extratrees_xgb_binary_m5/selected_groups_inner_validation.csv,9f88101bcec6c7f99fce864c5174eeb1a6933ed5ddc75035c2e0719f4f4a8ce8,False,PROJECT_ROOT/outputs/feature_group_ablation_inner_frozen_cat_et_xgb_m5/predictions/predictions_test_catboost_H1m_only_top2_groups.csv,,9095,0.0349642660802638,0.0837822979659153,0.9058823529411764,0.1469816272965879,0.3522012578616352,0.2074074074074074,0.166369578134284,0.8156618964804381,0.1265913652110687,0.0322264380066307,112,650,206,8127,0.816590746397639,0.1345907210787082,0.0321728845812153,-0.0009288499172008802,-0.007999355867639502,5.3553425415402145e-05
1,CatBoost,cat_cfg1_depth5_lr002,remove_top2_groups,remove_top_groups,2,monthly_lag/magnitude_extreme; annual/magnitude_extreme,217,11042,f1,0.12,inner_validation_frozen_csv,PROJECT_ROOT/outputs/shap_inner_validation_catboost_extratrees_xgb_binary_m5/selected_groups_inner_validation.csv,9f88101bcec6c7f99fce864c5174eeb1a6933ed5ddc75035c2e0719f4f4a8ce8,False,PROJECT_ROOT/outputs/feature_group_ablation_inner_frozen_cat_et_xgb_m5/predictions/predictions_test_catboost_H1m_remove_top2_groups.csv,,9095,0.0349642660802638,0.0465090709180868,0.9354590434304564,0.1820330969267139,0.2421383647798742,0.2078272604588394,0.1915422885572139,0.8015163273363846,0.1309112273904046,0.032161071728202,77,346,241,8431,0.816590746397639,0.1345907210787082,0.0321728845812153,-0.015074419061254396,-0.0036794936883036145,-1.1812853013298819e-05
1,CatBoost,cat_cfg1_depth5_lr002,only_top3_groups,only_top_groups,3,monthly_lag/magnitude_extreme; annual/magnitude_extreme; last100/magnitude_distribution,70,11042,f1,0.08,inner_validation_frozen_csv,PROJECT_ROOT/outputs/shap_inner_validation_catboost_extratrees_xgb_binary_m5/selected_groups_inner_validation.csv,9f88101bcec6c7f99fce864c5174eeb1a6933ed5ddc75035c2e0719f4f4a8ce8,False,PROJECT_ROOT/outputs/feature_group_ablation_inner_frozen_cat_et_xgb_m5/predictions/predictions_test_catboost_H1m_only_top3_groups.csv,,9095,0.0349642660802638,0.0973062122045079,0.8947773501924134,0.1389830508474576,0.3867924528301887,0.2044887780548628,0.1594090202177294,0.8140379766155539,0.1249237722137274,0.0323349895819998,123,762,195,8015,0.816590746397639,0.1345907210787082,0.0321728845812153,-0.0025527697820850737,-0.009666948864980804,0.00016210500078450013
1,CatBoost,cat_cfg1_depth5_lr002,remove_top3_groups,remove_top_groups,3,monthly_lag/magnitude_extreme; annual/magnitude_extreme; last100/magnitude_distribution,212,11042,f1,0.12,inner_validation_frozen_csv,PROJECT_ROOT/outputs/shap_inner_validation_catboost_extratrees_xgb_binary_m5/selected_groups_inner_validation.csv,9f88101bcec6c7f99fce864c5174eeb1a6933ed5ddc75035c2e0719f4f4a8ce8,False,PROJECT_ROOT/outputs/feature_group_ablation_inner_frozen_cat_et_xgb_m5/predictions/predictions_test_catboost_H1m_remove_top3_groups.csv,,9095,0.0349642660802638,0.0533260032985156,0.9301814183617372,0.1731958762886598,0.2641509433962264,0.2092154420921544,0.1860053144375553,0.8022697974910123,0.1329015623960211,0.0321840967593818,84,401,234,8376,0.816590746397639,0.1345907210787082,0.0321728845812153,-0.014320948906626607,-0.0016891586826870975,1.1212178166505882e-05
1,XGBoost,xgb_cfg4_strong_reg,full_features,full,0,ALL,282,12042,f1,0.13,inner_validation_frozen_csv,PROJECT_ROOT/outputs/shap_inner_validation_catboost_extratrees_xgb_binary_m5/selected_groups_inner_validation.csv,9f88101bcec6c7f99fce864c5174eeb1a6933ed5ddc75035c2e0719f4f4a8ce8,False,PROJECT_ROOT/outputs/feature_group_ablation_inner_frozen_cat_et_xgb_m5/predictions/predictions_test_xgboost_H1m_full_features.csv,,9095,0.0349642660802638,0.0278174821330401,0.9468938977460144,0.1739130434782608,0.1383647798742138,0.1541155866900175,0.1654135338345864,0.8020272395762796,0.1248010435260866,0.0322981288653422,44,209,274,8568,0.8020272395762796,0.1248010435260866,0.0322981288653422,0.0,0.0,0.0
1,XGBoost,xgb_cfg4_strong_reg,only_top1_groups,only_top_groups,1,monthly_lag/magnitude_extreme,60,12042,f1,0.08,inner_validation_frozen_csv,PROJECT_ROOT/outputs/shap_inner_validation_catboost_extratrees_xgb_binary_m5/selected_groups_inner_validation.csv,9f88101bcec6c7f99fce864c5174eeb1a6933ed5ddc75035c2e0719f4f4a8ce8,False,PROJECT_ROOT/outputs/feature_group_ablation_inner_frozen_cat_et_xgb_m5/predictions/predictions_test_xgboost_H1m_only_top1_groups.csv,,9095,0.0349642660802638,0.0996151731720725,0.8937877954920286,0.1423841059602649,0.4056603773584906,0.2107843137254902,0.1636225266362252,0.8095166182625688,0.1213210715093402,0.0324232915920091,129,777,189,8000,0.8020272395762796,0.1248010435260866,0.0322981288653422,0.007489378686289183,-0.0034799720167464077,0.00012516272666689837
1,XGBoost,xgb_cfg4_strong_reg,remove_top1_groups,remove_top_groups,1,monthly_lag/magnitude_extreme,222,12042,f1,0.13,inner_validation_frozen_csv,PROJECT_ROOT/outputs/shap_inner_validation_catboost_extratrees_xgb_binary_m5/selected_groups_inner_validation.csv,9f88101bcec6c7f99fce864c5174eeb1a6933ed5ddc75035c2e0719f4f4a8ce8,False,PROJECT_ROOT/outputs/feature_group_ablation_inner_frozen_cat_et_xgb_m5/predictions/predictions_test_xgboost_H1m_remove_top1_groups.csv,,9095,0.0349642660802638,0.0247388675096206,0.948873007146784,0.1733333333333333,0.1226415094339622,0.143646408839779,0.1600985221674876,0.7995174638115774,0.1256259057496962,0.0322835074682814,39,186,279,8591,0.8020272395762796,0.1248010435260866,0.0322981288653422,-0.002509775764702238,0.0008248622236095987,-1.462139706080029e-05
1,XGBoost,xgb_cfg4_strong_reg,only_top2_groups,only_top_groups,2,monthly_lag/magnitude_extreme; annual/magnitude_extreme,65,12042,f1,0.12,inner_validation_frozen_csv,PROJECT_ROOT/outputs/shap_inner_validation_catboost_extratrees_xgb_binary_m5/selected_groups_inner_validation.csv,9f88101bcec6c7f99fce864c5174eeb1a6933ed5ddc75035c2e0719f4f4a8ce8,False,PROJECT_ROOT/outputs/feature_group_ablation_inner_frozen_cat_et_xgb_m5/predictions/predictions_test_xgboost_H1m_only_top2_groups.csv,,9095,0.0349642660802638,0.0459593183067619,0.9331500824628916,0.1531100478468899,0.2012578616352201,0.1739130434782609,0.1608040201005025,0.8146205455510866,0.1267566229036869,0.0321689008644669,64,354,254,8423,0.8020272395762796,0.1248010435260866,0.0322981288653422,0.012593305974807012,0.0019555793776002833,-0.0001292280008753019
1,XGBoost,xgb_cfg4_strong_reg,remove_top2_groups,remove_top_groups,2,monthly_lag/magnitude_extreme; annual/magnitude_extreme,217,12042,f1,0.14,inner_validation_frozen_csv,PROJECT_ROOT/outputs/shap_inner_validation_catboost_extratrees_xgb_binary_m5/selected_groups_inner_validation.csv,9f88101bcec6c7f99fce864c5174eeb1a6933ed5ddc75035c2e0719f4f4a8ce8,False,PROJECT_ROOT/outputs/feature_group_ablation_inner_frozen_cat_et_xgb_m5/predictions/predictions_test_xgboost_H1m_remove_top2_groups.csv,,9095,0.0349642660802638,0.0203408466190214,0.9530511269928532,0.2054054054054054,0.1194968553459119,0.1510934393638171,0.1795841209829868,0.7833255585818566,0.1226576120957921,0.032390841143615,38,147,280,8630,0.8020272395762796,0.1248010435260866,0.0322981288653422,-0.018701680994423042,-0.0021434314302945096,9.271227827279543e-05
1,XGBoost,xgb_cfg4_strong_reg,only_top3_groups,only_top_groups,3,monthly_lag/magnitude_extreme; annual/magnitude_extreme; last100/magnitude_distribution,70,12042,f1,0.07,inner_validation_frozen_csv,PROJECT_ROOT/outputs/shap_inner_validation_catboost_extratrees_xgb_binary_m5/selected_groups_inner_validation.csv,9f88101bcec6c7f99fce864c5174eeb1a6933ed5ddc75035c2e0719f4f4a8ce8,False,PROJECT_ROOT/outputs/feature_group_ablation_inner_frozen_cat_et_xgb_m5/predictions/predictions_test_xgboost_H1m_only_top3_groups.csv,,9095,0.0349642660802638,0.0971962616822429,0.8942275975810885,0.1357466063348416,0.3773584905660377,0.1996672212978369,0.1556824078879086,0.7974249091572242,0.1203648256346707,0.0324278657444396,120,764,198,8013,0.8020272395762796,0.1248010435260866,0.0322981288653422,-0.004602330419055445,-0.004436217891415906,0.0001297368790973974
1,XGBoost,xgb_cfg4_strong_reg,remove_top3_groups,remove_top_groups,3,monthly_lag/magnitude_extreme; annual/magnitude_extreme; last100/magnitude_distribution,212,12042,f1,0.15,inner_validation_frozen_csv,PROJECT_ROOT/outputs/shap_inner_validation_catboost_extratrees_xgb_binary_m5/selected_groups_inner_validation.csv,9f88101bcec6c7f99fce864c5174eeb1a6933ed5ddc75035c2e0719f4f4a8ce8,False,PROJECT_ROOT/outputs/feature_group_ablation_inner_frozen_cat_et_xgb_m5/predictions/predictions_test_xgboost_H1m_remove_top3_groups.csv,,9095,0.0349642660802638,0.016712479384277,0.955140186915888,0.2039473684210526,0.0974842767295597,0.1319148936170212,0.1673866090712742,0.7912955745541341,0.1274421232557979,0.032267774147462,31,121,287,8656,0.8020272395762796,0.1248010435260866,0.0322981288653422,-0.010731665022145509,0.002641079729711296,-3.0354717880202997e-05
3,ExtraTrees,et_cfg0_depth12_leaf5,full_features,full,0,ALL,282,30042,f1,0.17,inner_validation_frozen_csv,PROJECT_ROOT/outputs/shap_inner_validation_catboost_extratrees_xgb_binary_m5/selected_groups_inner_validation.csv,9f88101bcec6c7f99fce864c5174eeb1a6933ed5ddc75035c2e0719f4f4a8ce8,False,PROJECT_ROOT/outputs/feature_group_ablation_inner_frozen_cat_et_xgb_m5/predictions/predictions_test_extratrees_H3m_full_features.csv,,9095,0.0904892798240791,0.1543705332600329,0.8499175371083013,0.306980056980057,0.5236938031591738,0.387067804220925,0.334679298027644,0.8185791532605861,0.2949551012544518,0.0720116855568737,431,973,392,7299,0.8185791532605861,0.2949551012544518,0.0720116855568737,0.0,0.0,0.0
3,ExtraTrees,et_cfg0_depth12_leaf5,only_top1_groups,only_top_groups,1,monthly_lag/magnitude_extreme,60,30042,f1,0.22,inner_validation_frozen_csv,PROJECT_ROOT/outputs/shap_inner_validation_catboost_extratrees_xgb_binary_m5/selected_groups_inner_validation.csv,9f88101bcec6c7f99fce864c5174eeb1a6933ed5ddc75035c2e0719f4f4a8ce8,False,PROJECT_ROOT/outputs/feature_group_ablation_inner_frozen_cat_et_xgb_m5/predictions/predictions_test_extratrees_H3m_only_top1_groups.csv,,9095,0.0904892798240791,0.0825728422210005,0.8843320505772403,0.3475366178428761,0.3171324422843256,0.3316391359593392,0.3409981708910374,0.8162896659388801,0.2848975858500496,0.0729063854443247,261,490,562,7782,0.8185791532605861,0.2949551012544518,0.0720116855568737,-0.002289487321705974,-0.010057515404402195,0.0008946998874510004
3,ExtraTrees,et_cfg0_depth12_leaf5,remove_top1_groups,remove_top_groups,1,monthly_lag/magnitude_extreme,222,30042,f1,0.16,inner_validation_frozen_csv,PROJECT_ROOT/outputs/shap_inner_validation_catboost_extratrees_xgb_binary_m5/selected_groups_inner_validation.csv,9f88101bcec6c7f99fce864c5174eeb1a6933ed5ddc75035c2e0719f4f4a8ce8,False,PROJECT_ROOT/outputs/feature_group_ablation_inner_frozen_cat_et_xgb_m5/predictions/predictions_test_extratrees_H3m_remove_top1_groups.csv,,9095,0.0904892798240791,0.1806487080813633,0.8311159978009895,0.2830188679245283,0.5650060753341434,0.3771289537712895,0.3144016227180527,0.8111024968800751,0.2878361443326061,0.072630126499975,465,1178,358,7094,0.8185791532605861,0.2949551012544518,0.0720116855568737,-0.007476656380510982,-0.007118956921845665,0.0006184409431012894
3,ExtraTrees,et_cfg0_depth12_leaf5,only_top2_groups,only_top_groups,2,monthly_lag/magnitude_extreme; annual/magnitude_extreme,65,30042,f1,0.2,inner_validation_frozen_csv,PROJECT_ROOT/outputs/shap_inner_validation_catboost_extratrees_xgb_binary_m5/selected_groups_inner_validation.csv,9f88101bcec6c7f99fce864c5174eeb1a6933ed5ddc75035c2e0719f4f4a8ce8,False,PROJECT_ROOT/outputs/feature_group_ablation_inner_frozen_cat_et_xgb_m5/predictions/predictions_test_extratrees_H3m_only_top2_groups.csv,,9095,0.0904892798240791,0.1229246838922484,0.8703683342495877,0.3407871198568873,0.4629404617253949,0.39258114374034,0.3597733711048158,0.8203821438056269,0.2904377203933077,0.0720151454877135,381,737,442,7535,0.8185791532605861,0.2949551012544518,0.0720116855568737,0.00180299054504085,-0.004517380861144116,3.4599308397914585e-06
3,ExtraTrees,et_cfg0_depth12_leaf5,remove_top2_groups,remove_top_groups,2,monthly_lag/magnitude_extreme; annual/magnitude_extreme,217,30042,f1,0.13,inner_validation_frozen_csv,PROJECT_ROOT/outputs/shap_inner_validation_catboost_extratrees_xgb_binary_m5/selected_groups_inner_validation.csv,9f88101bcec6c7f99fce864c5174eeb1a6933ed5ddc75035c2e0719f4f4a8ce8,False,PROJECT_ROOT/outputs/feature_group_ablation_inner_frozen_cat_et_xgb_m5/predictions/predictions_test_extratrees_H3m_remove_top2_groups.csv,,9095,0.0904892798240791,0.2217702034084661,0.7954920285871357,0.2429350520575111,0.5953827460510328,0.3450704225352112,0.2755595546057811,0.7964172567692385,0.2750685732529507,0.0740021511969135,490,1527,333,6745,0.8185791532605861,0.2949551012544518,0.0720116855568737,-0.022161896491347588,-0.01988652800150109,0.0019904656400397958
3,ExtraTrees,et_cfg0_depth12_leaf5,only_top3_groups,only_top_groups,3,monthly_lag/magnitude_extreme; annual/magnitude_extreme; last100/temporal_clustering,74,30042,f1,0.2,inner_validation_frozen_csv,PROJECT_ROOT/outputs/shap_inner_validation_catboost_extratrees_xgb_binary_m5/selected_groups_inner_validation.csv,9f88101bcec6c7f99fce864c5174eeb1a6933ed5ddc75035c2e0719f4f4a8ce8,False,PROJECT_ROOT/outputs/feature_group_ablation_inner_frozen_cat_et_xgb_m5/predictions/predictions_test_extratrees_H3m_only_top3_groups.csv,,9095,0.0904892798240791,0.1201759208356239,0.8702583837273227,0.3366880146386093,0.4471445929526124,0.384133611691023,0.354186717998075,0.8204187926419125,0.2884503371872318,0.0721102146662912,368,725,455,7547,0.8185791532605861,0.2949551012544518,0.0720116855568737,0.0018396393813264744,-0.0065047640672200036,9.852910941748894e-05
3,ExtraTrees,et_cfg0_depth12_leaf5,remove_top3_groups,remove_top_groups,3,monthly_lag/magnitude_extreme; annual/magnitude_extreme; last100/temporal_clustering,208,30042,f1,0.12,inner_validation_frozen_csv,PROJECT_ROOT/outputs/shap_inner_validation_catboost_extratrees_xgb_binary_m5/selected_groups_inner_validation.csv,9f88101bcec6c7f99fce864c5174eeb1a6933ed5ddc75035c2e0719f4f4a8ce8,False,PROJECT_ROOT/outputs/feature_group_ablation_inner_frozen_cat_et_xgb_m5/predictions/predictions_test_extratrees_H3m_remove_top3_groups.csv,,9095,0.0904892798240791,0.2488180318856514,0.7721825178669599,0.2240388864339372,0.6160388821385177,0.3285806869734284,0.2567088607594937,0.7969583962998044,0.2753472816052034,0.0741832061962927,507,1756,316,6516,0.8185791532605861,0.2949551012544518,0.0720116855568737,-0.021620756960781695,-0.019607819649248404,0.002171520639419
3,CatBoost,cat_cfg1_depth5_lr002,full_features,full,0,ALL,282,31042,f1,0.16,inner_validation_frozen_csv,PROJECT_ROOT/outputs/shap_inner_validation_catboost_extratrees_xgb_binary_m5/selected_groups_inner_validation.csv,9f88101bcec6c7f99fce864c5174eeb1a6933ed5ddc75035c2e0719f4f4a8ce8,False,PROJECT_ROOT/outputs/feature_group_ablation_inner_frozen_cat_et_xgb_m5/predictions/predictions_test_catboost_H3m_full_features.csv,,9095,0.0904892798240791,0.1500824628916987,0.8467289719626169,0.2908424908424908,0.4823815309842041,0.3628884826325411,0.3159318796753144,0.8144957825194893,0.2759200036387461,0.0734125489325511,397,968,426,7304,0.8144957825194893,0.2759200036387461,0.0734125489325511,0.0,0.0,0.0
3,CatBoost,cat_cfg1_depth5_lr002,only_top1_groups,only_top_groups,1,monthly_lag/magnitude_extreme,60,31042,f1,0.17,inner_validation_frozen_csv,PROJECT_ROOT/outputs/shap_inner_validation_catboost_extratrees_xgb_binary_m5/selected_groups_inner_validation.csv,9f88101bcec6c7f99fce864c5174eeb1a6933ed5ddc75035c2e0719f4f4a8ce8,False,PROJECT_ROOT/outputs/feature_group_ablation_inner_frozen_cat_et_xgb_m5/predictions/predictions_test_catboost_H3m_only_top1_groups.csv,,9095,0.0904892798240791,0.1506322155030236,0.8543155579989005,0.3167883211678832,0.5273390036452005,0.3958048335613315,0.3442805013485641,0.8171704865672835,0.3036961416443247,0.0716870202791391,434,936,389,7336,0.8144957825194893,0.2759200036387461,0.0734125489325511,0.0026747040477942408,0.0277761380055786,-0.0017255286534119951
3,CatBoost,cat_cfg1_depth5_lr002,remove_top1_groups,remove_top_groups,1,monthly_lag/magnitude_extreme,222,31042,f1,0.19,inner_validation_frozen_csv,PROJECT_ROOT/outputs/shap_inner_validation_catboost_extratrees_xgb_binary_m5/selected_groups_inner_validation.csv,9f88101bcec6c7f99fce864c5174eeb1a6933ed5ddc75035c2e0719f4f4a8ce8,False,PROJECT_ROOT/outputs/feature_group_ablation_inner_frozen_cat_et_xgb_m5/predictions/predictions_test_catboost_H3m_remove_top1_groups.csv,,9095,0.0904892798240791,0.1179769103903243,0.8603628367234745,0.2917054986020503,0.3803159173754556,0.330168776371308,0.3059628543499511,0.8086926339217515,0.2684414904693753,0.0740471203681318,313,760,510,7512,0.8144957825194893,0.2759200036387461,0.0734125489325511,-0.005803148597737784,-0.00747851316937076,0.000634571435580697
3,CatBoost,cat_cfg1_depth5_lr002,only_top2_groups,only_top_groups,2,monthly_lag/magnitude_extreme; annual/magnitude_extreme,65,31042,f1,0.17,inner_validation_frozen_csv,PROJECT_ROOT/outputs/shap_inner_validation_catboost_extratrees_xgb_binary_m5/selected_groups_inner_validation.csv,9f88101bcec6c7f99fce864c5174eeb1a6933ed5ddc75035c2e0719f4f4a8ce8,False,PROJECT_ROOT/outputs/feature_group_ablation_inner_frozen_cat_et_xgb_m5/predictions/predictions_test_catboost_H3m_only_top2_groups.csv,,9095,0.0904892798240791,0.1550302363936228,0.8494777350192413,0.3063829787234042,0.5249088699878494,0.38692342140618,0.3342101191397184,0.8172355584489449,0.2932733180006674,0.07201761145275,432,978,391,7294,0.8144957825194893,0.2759200036387461,0.0734125489325511,0.0027397759294556234,0.017353314361921335,-0.0013949374798011005
3,CatBoost,cat_cfg1_depth5_lr002,remove_top2_groups,remove_top_groups,2,monthly_lag/magnitude_extreme; annual/magnitude_extreme,217,31042,f1,0.16,inner_validation_frozen_csv,PROJECT_ROOT/outputs/shap_inner_validation_catboost_extratrees_xgb_binary_m5/selected_groups_inner_validation.csv,9f88101bcec6c7f99fce864c5174eeb1a6933ed5ddc75035c2e0719f4f4a8ce8,False,PROJECT_ROOT/outputs/feature_group_ablation_inner_frozen_cat_et_xgb_m5/predictions/predictions_test_catboost_H3m_remove_top2_groups.csv,,9095,0.0904892798240791,0.1537108301264431,0.8424409015942825,0.2818311874105865,0.4787363304981774,0.354795137325529,0.3070927513639906,0.8024715857679715,0.2700459754441612,0.0741020240966504,394,1004,429,7268,0.8144957825194893,0.2759200036387461,0.0734125489325511,-0.01202419675151778,-0.005874028194584879,0.0006894751640992985
3,CatBoost,cat_cfg1_depth5_lr002,only_top3_groups,only_top_groups,3,monthly_lag/magnitude_extreme; annual/magnitude_extreme; last100/temporal_clustering,74,31042,f1,0.17,inner_validation_frozen_csv,PROJECT_ROOT/outputs/shap_inner_validation_catboost_extratrees_xgb_binary_m5/selected_groups_inner_validation.csv,9f88101bcec6c7f99fce864c5174eeb1a6933ed5ddc75035c2e0719f4f4a8ce8,False,PROJECT_ROOT/outputs/feature_group_ablation_inner_frozen_cat_et_xgb_m5/predictions/predictions_test_catboost_H3m_only_top3_groups.csv,,9095,0.0904892798240791,0.142715777899945,0.8540956569543705,0.3058551617873651,0.4823815309842041,0.3743517208863743,0.3300083125519534,0.8168073766542653,0.2781201814317787,0.0728854059121505,397,901,426,7371,0.8144957825194893,0.2759200036387461,0.0734125489325511,0.002311594134775996,0.0022001777930326094,-0.0005271430204006056
3,CatBoost,cat_cfg1_depth5_lr002,remove_top3_groups,remove_top_groups,3,monthly_lag/magnitude_extreme; annual/magnitude_extreme; last100/temporal_clustering,208,31042,f1,0.19,inner_validation_frozen_csv,PROJECT_ROOT/outputs/shap_inner_validation_catboost_extratrees_xgb_binary_m5/selected_groups_inner_validation.csv,9f88101bcec6c7f99fce864c5174eeb1a6933ed5ddc75035c2e0719f4f4a8ce8,False,PROJECT_ROOT/outputs/feature_group_ablation_inner_frozen_cat_et_xgb_m5/predictions/predictions_test_catboost_H3m_remove_top3_groups.csv,,9095,0.0904892798240791,0.1151181968114348,0.8612424409015943,0.2903533906399236,0.3693803159173754,0.3251336898395722,0.3033326681301138,0.7996278123391565,0.2592372930329653,0.0747610203668098,304,743,519,7529,0.8144957825194893,0.2759200036387461,0.0734125489325511,-0.014867970180332812,-0.016682710605780804,0.0013484714342587023
3,XGBoost,xgb_cfg4_strong_reg,full_features,full,0,ALL,282,32042,f1,0.14,inner_validation_frozen_csv,PROJECT_ROOT/outputs/shap_inner_validation_catboost_extratrees_xgb_binary_m5/selected_groups_inner_validation.csv,9f88101bcec6c7f99fce864c5174eeb1a6933ed5ddc75035c2e0719f4f4a8ce8,False,PROJECT_ROOT/outputs/feature_group_ablation_inner_frozen_cat_et_xgb_m5/predictions/predictions_test_xgboost_H3m_full_features.csv,,9095,0.0904892798240791,0.1429356789444749,0.8490379329301814,0.2884615384615384,0.4556500607533414,0.3532736693358455,0.3113066578117216,0.8025865999515853,0.2620258002048582,0.0748062044919938,375,925,448,7347,0.8025865999515853,0.2620258002048582,0.0748062044919938,0.0,0.0,0.0
3,XGBoost,xgb_cfg4_strong_reg,only_top1_groups,only_top_groups,1,monthly_lag/magnitude_extreme,60,32042,f1,0.17,inner_validation_frozen_csv,PROJECT_ROOT/outputs/shap_inner_validation_catboost_extratrees_xgb_binary_m5/selected_groups_inner_validation.csv,9f88101bcec6c7f99fce864c5174eeb1a6933ed5ddc75035c2e0719f4f4a8ce8,False,PROJECT_ROOT/outputs/feature_group_ablation_inner_frozen_cat_et_xgb_m5/predictions/predictions_test_xgboost_H3m_only_top1_groups.csv,,9095,0.0904892798240791,0.1444749862561847,0.8567344694887301,0.317351598173516,0.5066828675577156,0.3902667290594291,0.3429840434281954,0.815531864951315,0.2957051932032352,0.0720978539194856,417,897,406,7375,0.8025865999515853,0.2620258002048582,0.0748062044919938,0.0129452649997297,0.03367939299837697,-0.002708350572508192
3,XGBoost,xgb_cfg4_strong_reg,remove_top1_groups,remove_top_groups,1,monthly_lag/magnitude_extreme,222,32042,f1,0.18,inner_validation_frozen_csv,PROJECT_ROOT/outputs/shap_inner_validation_catboost_extratrees_xgb_binary_m5/selected_groups_inner_validation.csv,9f88101bcec6c7f99fce864c5174eeb1a6933ed5ddc75035c2e0719f4f4a8ce8,False,PROJECT_ROOT/outputs/feature_group_ablation_inner_frozen_cat_et_xgb_m5/predictions/predictions_test_xgboost_H3m_remove_top1_groups.csv,,9095,0.0904892798240791,0.1011544804837823,0.8699285321605278,0.3043478260869565,0.3402187120291616,0.321285140562249,0.310903841883189,0.8023432046741295,0.2664670997011756,0.07479491755891,280,640,543,7632,0.8025865999515853,0.2620258002048582,0.0748062044919938,-0.0002433952774558712,0.004441299496317386,-1.128693308379003e-05
3,XGBoost,xgb_cfg4_strong_reg,only_top2_groups,only_top_groups,2,monthly_lag/magnitude_extreme; annual/magnitude_extreme,65,32042,f1,0.19,inner_validation_frozen_csv,PROJECT_ROOT/outputs/shap_inner_validation_catboost_extratrees_xgb_binary_m5/selected_groups_inner_validation.csv,9f88101bcec6c7f99fce864c5174eeb1a6933ed5ddc75035c2e0719f4f4a8ce8,False,PROJECT_ROOT/outputs/feature_group_ablation_inner_frozen_cat_et_xgb_m5/predictions/predictions_test_xgboost_H3m_only_top2_groups.csv,,9095,0.0904892798240791,0.1420560747663551,0.8584936778449698,0.3204334365325077,0.503037667071689,0.3914893617021276,0.3455182774161241,0.8170546644934908,0.2947914012258578,0.0718590754506565,414,878,409,7394,0.8025865999515853,0.2620258002048582,0.0748062044919938,0.014468064541905523,0.03276560102099957,-0.0029471290413372875
3,XGBoost,xgb_cfg4_strong_reg,remove_top2_groups,remove_top_groups,2,monthly_lag/magnitude_extreme; annual/magnitude_extreme,217,32042,f1,0.16,inner_validation_frozen_csv,PROJECT_ROOT/outputs/shap_inner_validation_catboost_extratrees_xgb_binary_m5/selected_groups_inner_validation.csv,9f88101bcec6c7f99fce864c5174eeb1a6933ed5ddc75035c2e0719f4f4a8ce8,False,PROJECT_ROOT/outputs/feature_group_ablation_inner_frozen_cat_et_xgb_m5/predictions/predictions_test_xgboost_H3m_remove_top2_groups.csv,,9095,0.0904892798240791,0.1322704782847718,0.8559648158328752,0.2975893599334996,0.4349939246658566,0.3534057255676209,0.3176574977817213,0.7918675865059426,0.2683564352419235,0.0743730208159206,358,845,465,7427,0.8025865999515853,0.2620258002048582,0.0748062044919938,-0.010719013445642744,0.006330635037065269,-0.0004331836760731872
3,XGBoost,xgb_cfg4_strong_reg,only_top3_groups,only_top_groups,3,monthly_lag/magnitude_extreme; annual/magnitude_extreme; last100/temporal_clustering,74,32042,f1,0.18,inner_validation_frozen_csv,PROJECT_ROOT/outputs/shap_inner_validation_catboost_extratrees_xgb_binary_m5/selected_groups_inner_validation.csv,9f88101bcec6c7f99fce864c5174eeb1a6933ed5ddc75035c2e0719f4f4a8ce8,False,PROJECT_ROOT/outputs/feature_group_ablation_inner_frozen_cat_et_xgb_m5/predictions/predictions_test_xgboost_H3m_only_top3_groups.csv,,9095,0.0904892798240791,0.1400769653655854,0.8578339747113799,0.315541601255887,0.488456865127582,0.3834048640915594,0.3395843892549417,0.8165644220441797,0.2840010153154022,0.0723646747490153,402,872,421,7400,0.8025865999515853,0.2620258002048582,0.0748062044919938,0.01397782209259435,0.02197521511054401,-0.002441529742978496
3,XGBoost,xgb_cfg4_strong_reg,remove_top3_groups,remove_top_groups,3,monthly_lag/magnitude_extreme; annual/magnitude_extreme; last100/temporal_clustering,208,32042,f1,0.19,inner_validation_frozen_csv,PROJECT_ROOT/outputs/shap_inner_validation_catboost_extratrees_xgb_binary_m5/selected_groups_inner_validation.csv,9f88101bcec6c7f99fce864c5174eeb1a6933ed5ddc75035c2e0719f4f4a8ce8,False,PROJECT_ROOT/outputs/feature_group_ablation_inner_frozen_cat_et_xgb_m5/predictions/predictions_test_xgboost_H3m_remove_top3_groups.csv,,9095,0.0904892798240791,0.1041231445849367,0.8698185816382628,0.3093980992608237,0.3560145808019441,0.3310734463276836,0.3177184992409456,0.7925290282285642,0.2714489121424562,0.0742095219953717,293,654,530,7618,0.8025865999515853,0.2620258002048582,0.0748062044919938,-0.01005757172302113,0.009423111937597983,-0.0005966824966220918
6,ExtraTrees,et_cfg0_depth12_leaf5,full_features,full,0,ALL,282,60042,f1,0.22,inner_validation_frozen_csv,PROJECT_ROOT/outputs/shap_inner_validation_catboost_extratrees_xgb_binary_m5/selected_groups_inner_validation.csv,9f88101bcec6c7f99fce864c5174eeb1a6933ed5ddc75035c2e0719f4f4a8ce8,False,PROJECT_ROOT/outputs/feature_group_ablation_inner_frozen_cat_et_xgb_m5/predictions/predictions_test_extratrees_H6m_full_features.csv,,9095,0.1537108301264431,0.2078064870808136,0.8179219351291919,0.4317460317460317,0.5836909871244635,0.4963503649635036,0.4554588077695914,0.8223711075585809,0.4338651148683544,0.1059979055764565,816,1074,582,6623,0.8223711075585809,0.4338651148683544,0.1059979055764565,0.0,0.0,0.0
6,ExtraTrees,et_cfg0_depth12_leaf5,only_top1_groups,only_top_groups,1,monthly_lag/magnitude_extreme,60,60042,f1,0.18,inner_validation_frozen_csv,PROJECT_ROOT/outputs/shap_inner_validation_catboost_extratrees_xgb_binary_m5/selected_groups_inner_validation.csv,9f88101bcec6c7f99fce864c5174eeb1a6933ed5ddc75035c2e0719f4f4a8ce8,False,PROJECT_ROOT/outputs/feature_group_ablation_inner_frozen_cat_et_xgb_m5/predictions/predictions_test_extratrees_H6m_only_top1_groups.csv,,9095,0.1537108301264431,0.25717427157779,0.7901044529961517,0.390765284309534,0.65379113018598,0.4891624297564892,0.4249581551050772,0.8185567998084831,0.4264305029209204,0.1072624016117332,914,1425,484,6272,0.8223711075585809,0.4338651148683544,0.1059979055764565,-0.003814307750097834,-0.007434611947434,0.001264496035276702
6,ExtraTrees,et_cfg0_depth12_leaf5,remove_top1_groups,remove_top_groups,1,monthly_lag/magnitude_extreme,222,60042,f1,0.22,inner_validation_frozen_csv,PROJECT_ROOT/outputs/shap_inner_validation_catboost_extratrees_xgb_binary_m5/selected_groups_inner_validation.csv,9f88101bcec6c7f99fce864c5174eeb1a6933ed5ddc75035c2e0719f4f4a8ce8,False,PROJECT_ROOT/outputs/feature_group_ablation_inner_frozen_cat_et_xgb_m5/predictions/predictions_test_extratrees_H6m_remove_top1_groups.csv,,9095,0.1537108301264431,0.2270478284771852,0.8083562396921385,0.4164648910411622,0.6151645207439199,0.4966791799018193,0.4452267550217437,0.8131996134718338,0.4236110398911814,0.1077081948081163,860,1205,538,6492,0.8223711075585809,0.4338651148683544,0.1059979055764565,-0.009171494086747112,-0.010254074977173011,0.0017102892316598062
6,ExtraTrees,et_cfg0_depth12_leaf5,only_top2_groups,only_top_groups,2,monthly_lag/magnitude_extreme; annual/magnitude_extreme,65,60042,f1,0.26,inner_validation_frozen_csv,PROJECT_ROOT/outputs/shap_inner_validation_catboost_extratrees_xgb_binary_m5/selected_groups_inner_validation.csv,9f88101bcec6c7f99fce864c5174eeb1a6933ed5ddc75035c2e0719f4f4a8ce8,False,PROJECT_ROOT/outputs/feature_group_ablation_inner_frozen_cat_et_xgb_m5/predictions/predictions_test_extratrees_H6m_only_top2_groups.csv,,9095,0.1537108301264431,0.1838372732270478,0.8317757009345794,0.4605263157894737,0.5507868383404864,0.501628664495114,0.4761315854563443,0.8221373338515294,0.4330405479948073,0.1051486954585292,770,902,628,6795,0.8223711075585809,0.4338651148683544,0.1059979055764565,-0.0002337737070514656,-0.0008245668735470946,-0.000849210117927296
6,ExtraTrees,et_cfg0_depth12_leaf5,remove_top2_groups,remove_top_groups,2,monthly_lag/magnitude_extreme; annual/magnitude_extreme,217,60042,f1,0.2,inner_validation_frozen_csv,PROJECT_ROOT/outputs/shap_inner_validation_catboost_extratrees_xgb_binary_m5/selected_groups_inner_validation.csv,9f88101bcec6c7f99fce864c5174eeb1a6933ed5ddc75035c2e0719f4f4a8ce8,False,PROJECT_ROOT/outputs/feature_group_ablation_inner_frozen_cat_et_xgb_m5/predictions/predictions_test_extratrees_H6m_remove_top2_groups.csv,,9095,0.1537108301264431,0.2459593183067619,0.7797691039032435,0.364774251229325,0.5836909871244635,0.448968363136176,0.3943553063986081,0.7992423334212482,0.4056590306251264,0.110976465827282,816,1421,582,6276,0.8223711075585809,0.4338651148683544,0.1059979055764565,-0.02312877413733272,-0.028206084243227958,0.004978560250825506
6,ExtraTrees,et_cfg0_depth12_leaf5,only_top3_groups,only_top_groups,3,monthly_lag/magnitude_extreme; annual/magnitude_extreme; last100/temporal_clustering,74,60042,f1,0.26,inner_validation_frozen_csv,PROJECT_ROOT/outputs/shap_inner_validation_catboost_extratrees_xgb_binary_m5/selected_groups_inner_validation.csv,9f88101bcec6c7f99fce864c5174eeb1a6933ed5ddc75035c2e0719f4f4a8ce8,False,PROJECT_ROOT/outputs/feature_group_ablation_inner_frozen_cat_et_xgb_m5/predictions/predictions_test_extratrees_H6m_only_top3_groups.csv,,9095,0.1537108301264431,0.1815283122594832,0.8318856514568445,0.4603270745003028,0.5436337625178826,0.4985241062643489,0.47488127968008,0.8240873067428868,0.4298794627014555,0.1053506019589359,760,891,638,6806,0.8223711075585809,0.4338651148683544,0.1059979055764565,0.0017161991843058777,-0.00398565216689889,-0.0006473036175205921
6,ExtraTrees,et_cfg0_depth12_leaf5,remove_top3_groups,remove_top_groups,3,monthly_lag/magnitude_extreme; annual/magnitude_extreme; last100/temporal_clustering,208,60042,f1,0.19,inner_validation_frozen_csv,PROJECT_ROOT/outputs/shap_inner_validation_catboost_extratrees_xgb_binary_m5/selected_groups_inner_validation.csv,9f88101bcec6c7f99fce864c5174eeb1a6933ed5ddc75035c2e0719f4f4a8ce8,False,PROJECT_ROOT/outputs/feature_group_ablation_inner_frozen_cat_et_xgb_m5/predictions/predictions_test_extratrees_H6m_remove_top3_groups.csv,,9095,0.1537108301264431,0.2755360087960418,0.760087960417812,0.3435754189944134,0.6158798283261803,0.4410860655737704,0.3769042199264577,0.796357869768111,0.402077570121965,0.1113830328200496,861,1645,537,6052,0.8223711075585809,0.4338651148683544,0.1059979055764565,-0.026013237790469934,-0.031787544746389396,0.0053851272435931075
6,CatBoost,cat_cfg1_depth5_lr002,full_features,full,0,ALL,282,61042,f1,0.24,inner_validation_frozen_csv,PROJECT_ROOT/outputs/shap_inner_validation_catboost_extratrees_xgb_binary_m5/selected_groups_inner_validation.csv,9f88101bcec6c7f99fce864c5174eeb1a6933ed5ddc75035c2e0719f4f4a8ce8,False,PROJECT_ROOT/outputs/feature_group_ablation_inner_frozen_cat_et_xgb_m5/predictions/predictions_test_catboost_H6m_full_features.csv,,9095,0.1537108301264431,0.1918636613523914,0.8222100054975261,0.4372492836676218,0.5457796852646638,0.4855233853006682,0.4553592742898066,0.8216126789267989,0.4224036026105479,0.107302992578292,763,982,635,6715,0.8216126789267989,0.4224036026105479,0.107302992578292,0.0,0.0,0.0
6,CatBoost,cat_cfg1_depth5_lr002,only_top1_groups,only_top_groups,1,monthly_lag/magnitude_extreme,60,61042,f1,0.22,inner_validation_frozen_csv,PROJECT_ROOT/outputs/shap_inner_validation_catboost_extratrees_xgb_binary_m5/selected_groups_inner_validation.csv,9f88101bcec6c7f99fce864c5174eeb1a6933ed5ddc75035c2e0719f4f4a8ce8,False,PROJECT_ROOT/outputs/feature_group_ablation_inner_frozen_cat_et_xgb_m5/predictions/predictions_test_catboost_H6m_only_top1_groups.csv,,9095,0.1537108301264431,0.2214403518416712,0.8106652006597032,0.4195630585898709,0.6044349070100143,0.4953106682297773,0.4469007827374657,0.8168732666778559,0.4416359106812288,0.1048403536691806,845,1169,553,6528,0.8216126789267989,0.4224036026105479,0.107302992578292,-0.004739412248943031,0.019232308070680937,-0.0024626389091114004
6,CatBoost,cat_cfg1_depth5_lr002,remove_top1_groups,remove_top_groups,1,monthly_lag/magnitude_extreme,222,61042,f1,0.26,inner_validation_frozen_csv,PROJECT_ROOT/outputs/shap_inner_validation_catboost_extratrees_xgb_binary_m5/selected_groups_inner_validation.csv,9f88101bcec6c7f99fce864c5174eeb1a6933ed5ddc75035c2e0719f4f4a8ce8,False,PROJECT_ROOT/outputs/feature_group_ablation_inner_frozen_cat_et_xgb_m5/predictions/predictions_test_catboost_H6m_remove_top1_groups.csv,,9095,0.1537108301264431,0.1787795492028587,0.8245189664650907,0.4391143911439114,0.5107296137339056,0.4722222222222222,0.4517843583902808,0.8202248130786144,0.4237696525158478,0.1080581382834311,714,912,684,6785,0.8216126789267989,0.4224036026105479,0.107302992578292,-0.0013878658481845108,0.0013660499052999264,0.0007551457051390986
6,CatBoost,cat_cfg1_depth5_lr002,only_top2_groups,only_top_groups,2,monthly_lag/magnitude_extreme; annual/magnitude_extreme,65,61042,f1,0.26,inner_validation_frozen_csv,PROJECT_ROOT/outputs/shap_inner_validation_catboost_extratrees_xgb_binary_m5/selected_groups_inner_validation.csv,9f88101bcec6c7f99fce864c5174eeb1a6933ed5ddc75035c2e0719f4f4a8ce8,False,PROJECT_ROOT/outputs/feature_group_ablation_inner_frozen_cat_et_xgb_m5/predictions/predictions_test_catboost_H6m_only_top2_groups.csv,,9095,0.1537108301264431,0.1876855415063221,0.8277075316107751,0.450497949619215,0.550071530758226,0.4953301127214171,0.4674203744225625,0.819059940675101,0.4367991422916033,0.105040717653722,769,938,629,6759,0.8216126789267989,0.4224036026105479,0.107302992578292,-0.0025527382516978836,0.014395539681055447,-0.0022622749245699986
6,CatBoost,cat_cfg1_depth5_lr002,remove_top2_groups,remove_top_groups,2,monthly_lag/magnitude_extreme; annual/magnitude_extreme,217,61042,f1,0.26,inner_validation_frozen_csv,PROJECT_ROOT/outputs/shap_inner_validation_catboost_extratrees_xgb_binary_m5/selected_groups_inner_validation.csv,9f88101bcec6c7f99fce864c5174eeb1a6933ed5ddc75035c2e0719f4f4a8ce8,False,PROJECT_ROOT/outputs/feature_group_ablation_inner_frozen_cat_et_xgb_m5/predictions/predictions_test_catboost_H6m_remove_top2_groups.csv,,9095,0.1537108301264431,0.1851566794942276,0.8210005497526113,0.4317102137767221,0.5200286123032904,0.4717715768981181,0.4468895992131793,0.8118545898732816,0.4153605985797948,0.1095955668844238,727,957,671,6740,0.8216126789267989,0.4224036026105479,0.107302992578292,-0.009758089053517272,-0.007043004030753086,0.002292574306131806
6,CatBoost,cat_cfg1_depth5_lr002,only_top3_groups,only_top_groups,3,monthly_lag/magnitude_extreme; annual/magnitude_extreme; last100/temporal_clustering,74,61042,f1,0.22,inner_validation_frozen_csv,PROJECT_ROOT/outputs/shap_inner_validation_catboost_extratrees_xgb_binary_m5/selected_groups_inner_validation.csv,9f88101bcec6c7f99fce864c5174eeb1a6933ed5ddc75035c2e0719f4f4a8ce8,False,PROJECT_ROOT/outputs/feature_group_ablation_inner_frozen_cat_et_xgb_m5/predictions/predictions_test_catboost_H6m_only_top3_groups.csv,,9095,0.1537108301264431,0.2081363386476085,0.8189114898295767,0.4342313787638668,0.5879828326180258,0.4995442114858705,0.4581939799331103,0.8206291658511771,0.4112546523741257,0.1069578060425893,822,1071,576,6626,0.8216126789267989,0.4224036026105479,0.107302992578292,-0.0009835130756218335,-0.011148950236422206,-0.00034518653570270175
6,CatBoost,cat_cfg1_depth5_lr002,remove_top3_groups,remove_top_groups,3,monthly_lag/magnitude_extreme; annual/magnitude_extreme; last100/temporal_clustering,208,61042,f1,0.22,inner_validation_frozen_csv,PROJECT_ROOT/outputs/shap_inner_validation_catboost_extratrees_xgb_binary_m5/selected_groups_inner_validation.csv,9f88101bcec6c7f99fce864c5174eeb1a6933ed5ddc75035c2e0719f4f4a8ce8,False,PROJECT_ROOT/outputs/feature_group_ablation_inner_frozen_cat_et_xgb_m5/predictions/predictions_test_catboost_H6m_remove_top3_groups.csv,,9095,0.1537108301264431,0.2151731720725673,0.805497526113249,0.4052120592743995,0.567238912732475,0.4727272727272726,0.4297637112508128,0.8049149818324699,0.4055938540820274,0.1106772609621842,793,1164,605,6533,0.8216126789267989,0.4224036026105479,0.107302992578292,-0.016697697094329,-0.016809748528520463,0.0033742683838922094
6,XGBoost,xgb_cfg4_strong_reg,full_features,full,0,ALL,282,62042,f1,0.24,inner_validation_frozen_csv,PROJECT_ROOT/outputs/shap_inner_validation_catboost_extratrees_xgb_binary_m5/selected_groups_inner_validation.csv,9f88101bcec6c7f99fce864c5174eeb1a6933ed5ddc75035c2e0719f4f4a8ce8,False,PROJECT_ROOT/outputs/feature_group_ablation_inner_frozen_cat_et_xgb_m5/predictions/predictions_test_xgboost_H6m_full_features.csv,,9095,0.1537108301264431,0.1699835074216602,0.8284771852666301,0.4476067270375162,0.4949928469241774,0.4701086956521739,0.4563439725666052,0.8108813923935585,0.4123018704795999,0.1087681324480768,692,854,706,6843,0.8108813923935585,0.4123018704795999,0.1087681324480768,0.0,0.0,0.0
6,XGBoost,xgb_cfg4_strong_reg,only_top1_groups,only_top_groups,1,monthly_lag/magnitude_extreme,60,62042,f1,0.22,inner_validation_frozen_csv,PROJECT_ROOT/outputs/shap_inner_validation_catboost_extratrees_xgb_binary_m5/selected_groups_inner_validation.csv,9f88101bcec6c7f99fce864c5174eeb1a6933ed5ddc75035c2e0719f4f4a8ce8,False,PROJECT_ROOT/outputs/feature_group_ablation_inner_frozen_cat_et_xgb_m5/predictions/predictions_test_xgboost_H6m_only_top1_groups.csv,,9095,0.1537108301264431,0.2149532710280373,0.8131940626717977,0.4230179028132992,0.5915593705293276,0.493289591410677,0.4485788674332827,0.8175692441344685,0.4405803310281605,0.1050254283695684,827,1128,571,6569,0.8108813923935585,0.4123018704795999,0.1087681324480768,0.0066878517409100224,0.028278460548560647,-0.0037427040785084076
6,XGBoost,xgb_cfg4_strong_reg,remove_top1_groups,remove_top_groups,1,monthly_lag/magnitude_extreme,222,62042,f1,0.28,inner_validation_frozen_csv,PROJECT_ROOT/outputs/shap_inner_validation_catboost_extratrees_xgb_binary_m5/selected_groups_inner_validation.csv,9f88101bcec6c7f99fce864c5174eeb1a6933ed5ddc75035c2e0719f4f4a8ce8,False,PROJECT_ROOT/outputs/feature_group_ablation_inner_frozen_cat_et_xgb_m5/predictions/predictions_test_xgboost_H6m_remove_top1_groups.csv,,9095,0.1537108301264431,0.1461242440901594,0.8321055525013744,0.4514672686230248,0.4291845493562232,0.44004400440044,0.4468275245755139,0.807067224043405,0.4093273241182292,0.1097788161423036,600,729,798,6968,0.8108813923935585,0.4123018704795999,0.1087681324480768,-0.0038141683501534684,-0.002974546361370678,0.0010106836942267994
6,XGBoost,xgb_cfg4_strong_reg,only_top2_groups,only_top_groups,2,monthly_lag/magnitude_extreme; annual/magnitude_extreme,65,62042,f1,0.24,inner_validation_frozen_csv,PROJECT_ROOT/outputs/shap_inner_validation_catboost_extratrees_xgb_binary_m5/selected_groups_inner_validation.csv,9f88101bcec6c7f99fce864c5174eeb1a6933ed5ddc75035c2e0719f4f4a8ce8,False,PROJECT_ROOT/outputs/feature_group_ablation_inner_frozen_cat_et_xgb_m5/predictions/predictions_test_xgboost_H6m_only_top2_groups.csv,,9095,0.1537108301264431,0.2079164376030786,0.816712479384277,0.4288736118455843,0.5801144492131617,0.4931590148981453,0.452465967417987,0.8178443266917623,0.433592302524561,0.1048405238954158,811,1080,587,6617,0.8108813923935585,0.4123018704795999,0.1087681324480768,0.006962934298203827,0.021290432044961116,-0.003927608552660999
6,XGBoost,xgb_cfg4_strong_reg,remove_top2_groups,remove_top_groups,2,monthly_lag/magnitude_extreme; annual/magnitude_extreme,217,62042,f1,0.22,inner_validation_frozen_csv,PROJECT_ROOT/outputs/shap_inner_validation_catboost_extratrees_xgb_binary_m5/selected_groups_inner_validation.csv,9f88101bcec6c7f99fce864c5174eeb1a6933ed5ddc75035c2e0719f4f4a8ce8,False,PROJECT_ROOT/outputs/feature_group_ablation_inner_frozen_cat_et_xgb_m5/predictions/predictions_test_xgboost_H6m_remove_top2_groups.csv,,9095,0.1537108301264431,0.1969213853765805,0.8140736668499176,0.4182021217197096,0.5357653791130186,0.4697397303229853,0.4373978042513431,0.806543126718453,0.4158348631333609,0.1097915653215676,749,1042,649,6655,0.8108813923935585,0.4123018704795999,0.1087681324480768,-0.004338265675105535,0.0035329926537610024,0.0010234328734907983
6,XGBoost,xgb_cfg4_strong_reg,only_top3_groups,only_top_groups,3,monthly_lag/magnitude_extreme; annual/magnitude_extreme; last100/temporal_clustering,74,62042,f1,0.3,inner_validation_frozen_csv,PROJECT_ROOT/outputs/shap_inner_validation_catboost_extratrees_xgb_binary_m5/selected_groups_inner_validation.csv,9f88101bcec6c7f99fce864c5174eeb1a6933ed5ddc75035c2e0719f4f4a8ce8,False,PROJECT_ROOT/outputs/feature_group_ablation_inner_frozen_cat_et_xgb_m5/predictions/predictions_test_xgboost_H6m_only_top3_groups.csv,,9095,0.1537108301264431,0.1506322155030236,0.8423309510720176,0.4868613138686131,0.4771101573676681,0.4819364161849711,0.4848793253852864,0.8203580794256276,0.4201577755830967,0.1056760764166608,667,703,731,6994,0.8108813923935585,0.4123018704795999,0.1087681324480768,0.009476687032069053,0.007855905103496819,-0.0030920560314160045
6,XGBoost,xgb_cfg4_strong_reg,remove_top3_groups,remove_top_groups,3,monthly_lag/magnitude_extreme; annual/magnitude_extreme; last100/temporal_clustering,208,62042,f1,0.22,inner_validation_frozen_csv,PROJECT_ROOT/outputs/shap_inner_validation_catboost_extratrees_xgb_binary_m5/selected_groups_inner_validation.csv,9f88101bcec6c7f99fce864c5174eeb1a6933ed5ddc75035c2e0719f4f4a8ce8,False,PROJECT_ROOT/outputs/feature_group_ablation_inner_frozen_cat_et_xgb_m5/predictions/predictions_test_xgboost_H6m_remove_top3_groups.csv,,9095,0.1537108301264431,0.1814183617372182,0.8190214403518417,0.4248484848484848,0.5014306151645207,0.4599737532808399,0.4382345586396599,0.7994222058163976,0.4074409314618766,0.1109289704716985,701,949,697,6748,0.8108813923935585,0.4123018704795999,0.1087681324480768,-0.01145918657716094,-0.004860939017723276,0.0021608380236217
12,ExtraTrees,et_cfg0_depth12_leaf5,full_features,full,0,ALL,282,120042,f1,0.3,inner_validation_frozen_csv,PROJECT_ROOT/outputs/shap_inner_validation_catboost_extratrees_xgb_binary_m5/selected_groups_inner_validation.csv,9f88101bcec6c7f99fce864c5174eeb1a6933ed5ddc75035c2e0719f4f4a8ce8,False,PROJECT_ROOT/outputs/feature_group_ablation_inner_frozen_cat_et_xgb_m5/predictions/predictions_test_extratrees_H12m_full_features.csv,,9095,0.2472787245739417,0.2584936778449697,0.7930731170973062,0.5780518928115695,0.604268563806136,0.5908695652173912,0.5831116450699391,0.8285190405655669,0.603347617033825,0.1392727778725793,1359,992,890,5854,0.8285190405655669,0.603347617033825,0.1392727778725793,0.0,0.0,0.0
12,ExtraTrees,et_cfg0_depth12_leaf5,only_top1_groups,only_top_groups,1,monthly_lag/magnitude_extreme,60,120042,f1,0.3,inner_validation_frozen_csv,PROJECT_ROOT/outputs/shap_inner_validation_catboost_extratrees_xgb_binary_m5/selected_groups_inner_validation.csv,9f88101bcec6c7f99fce864c5174eeb1a6933ed5ddc75035c2e0719f4f4a8ce8,False,PROJECT_ROOT/outputs/feature_group_ablation_inner_frozen_cat_et_xgb_m5/predictions/predictions_test_extratrees_H12m_only_top1_groups.csv,,9095,0.2472787245739417,0.2605827377680044,0.7949422759758109,0.5810126582278481,0.6122721209426412,0.5962329508551634,0.5870065649245461,0.8230269057160082,0.6068310249489328,0.1403518517392657,1377,993,872,5853,0.8285190405655669,0.603347617033825,0.1392727778725793,-0.005492134849558683,0.0034834079151078168,0.001079073866686403
12,ExtraTrees,et_cfg0_depth12_leaf5,remove_top1_groups,remove_top_groups,1,monthly_lag/magnitude_extreme,222,120042,f1,0.32,inner_validation_frozen_csv,PROJECT_ROOT/outputs/shap_inner_validation_catboost_extratrees_xgb_binary_m5/selected_groups_inner_validation.csv,9f88101bcec6c7f99fce864c5174eeb1a6933ed5ddc75035c2e0719f4f4a8ce8,False,PROJECT_ROOT/outputs/feature_group_ablation_inner_frozen_cat_et_xgb_m5/predictions/predictions_test_extratrees_H12m_remove_top1_groups.csv,,9095,0.2472787245739417,0.2608026388125343,0.7881253435953821,0.5678752107925801,0.5989328590484659,0.5829906946548367,0.5738263610803442,0.8202829004275864,0.5864357700747052,0.1423008867814747,1347,1025,902,5821,0.8285190405655669,0.603347617033825,0.1392727778725793,-0.008236140137980463,-0.016911846959119847,0.003028108908895405
12,ExtraTrees,et_cfg0_depth12_leaf5,only_top2_groups,only_top_groups,2,monthly_lag/magnitude_extreme; annual/magnitude_extreme,65,120042,f1,0.34,inner_validation_frozen_csv,PROJECT_ROOT/outputs/shap_inner_validation_catboost_extratrees_xgb_binary_m5/selected_groups_inner_validation.csv,9f88101bcec6c7f99fce864c5174eeb1a6933ed5ddc75035c2e0719f4f4a8ce8,False,PROJECT_ROOT/outputs/feature_group_ablation_inner_frozen_cat_et_xgb_m5/predictions/predictions_test_extratrees_H12m_only_top2_groups.csv,,9095,0.2472787245739417,0.2458493677844969,0.794502473886751,0.5849731663685152,0.5815918185860383,0.5832775919732441,0.5842937550254623,0.8236453193011937,0.6058051050112186,0.1371600233778431,1308,928,941,5918,0.8285190405655669,0.603347617033825,0.1392727778725793,-0.004873721264373243,0.0024574879773936464,-0.002112754494736191
12,ExtraTrees,et_cfg0_depth12_leaf5,remove_top2_groups,remove_top_groups,2,monthly_lag/magnitude_extreme; annual/magnitude_extreme,217,120042,f1,0.32,inner_validation_frozen_csv,PROJECT_ROOT/outputs/shap_inner_validation_catboost_extratrees_xgb_binary_m5/selected_groups_inner_validation.csv,9f88101bcec6c7f99fce864c5174eeb1a6933ed5ddc75035c2e0719f4f4a8ce8,False,PROJECT_ROOT/outputs/feature_group_ablation_inner_frozen_cat_et_xgb_m5/predictions/predictions_test_extratrees_H12m_remove_top2_groups.csv,,9095,0.2472787245739417,0.2383727322704782,0.7733919736118746,0.5433579335793358,0.5237883503779458,0.5333937061353861,0.5393279003754236,0.8088002756962648,0.5712126198945616,0.1472322018584527,1178,990,1071,5856,0.8285190405655669,0.603347617033825,0.1392727778725793,-0.01971876486930213,-0.03213499713926338,0.007959423985873404
12,ExtraTrees,et_cfg0_depth12_leaf5,only_top3_groups,only_top_groups,3,monthly_lag/magnitude_extreme; annual/magnitude_extreme; last100/temporal_clustering,74,120042,f1,0.3,inner_validation_frozen_csv,PROJECT_ROOT/outputs/shap_inner_validation_catboost_extratrees_xgb_binary_m5/selected_groups_inner_validation.csv,9f88101bcec6c7f99fce864c5174eeb1a6933ed5ddc75035c2e0719f4f4a8ce8,False,PROJECT_ROOT/outputs/feature_group_ablation_inner_frozen_cat_et_xgb_m5/predictions/predictions_test_extratrees_H12m_only_top3_groups.csv,,9095,0.2472787245739417,0.2809235843870258,0.7844969763606378,0.5565557729941292,0.632281013783904,0.592006661115737,0.5702141310449915,0.8300991241343737,0.6099834046800208,0.1367032250622148,1422,1133,827,5713,0.8285190405655669,0.603347617033825,0.1392727778725793,0.0015800835688067894,0.006635787646195768,-0.0025695528103645005
12,ExtraTrees,et_cfg0_depth12_leaf5,remove_top3_groups,remove_top_groups,3,monthly_lag/magnitude_extreme; annual/magnitude_extreme; last100/temporal_clustering,208,120042,f1,0.3,inner_validation_frozen_csv,PROJECT_ROOT/outputs/shap_inner_validation_catboost_extratrees_xgb_binary_m5/selected_groups_inner_validation.csv,9f88101bcec6c7f99fce864c5174eeb1a6933ed5ddc75035c2e0719f4f4a8ce8,False,PROJECT_ROOT/outputs/feature_group_ablation_inner_frozen_cat_et_xgb_m5/predictions/predictions_test_extratrees_H12m_remove_top3_groups.csv,,9095,0.2472787245739417,0.2647608576140736,0.7689939527212755,0.5307308970099668,0.568252556691863,0.5488511917543483,0.537833515697332,0.8041646581133797,0.567600222122441,0.1483273920364325,1278,1130,971,5716,0.8285190405655669,0.603347617033825,0.1392727778725793,-0.02435438245218724,-0.03574739491138401,0.009054614163853197
12,CatBoost,cat_cfg1_depth5_lr002,full_features,full,0,ALL,282,121042,f1,0.3,inner_validation_frozen_csv,PROJECT_ROOT/outputs/shap_inner_validation_catboost_extratrees_xgb_binary_m5/selected_groups_inner_validation.csv,9f88101bcec6c7f99fce864c5174eeb1a6933ed5ddc75035c2e0719f4f4a8ce8,False,PROJECT_ROOT/outputs/feature_group_ablation_inner_frozen_cat_et_xgb_m5/predictions/predictions_test_catboost_H12m_full_features.csv,,9095,0.2472787245739417,0.2465090709180868,0.7986805937328202,0.5932203389830508,0.5913739439751,0.5922957025161433,0.5928501381831148,0.8273091023543167,0.5794639535878857,0.139526774269136,1330,912,919,5934,0.8273091023543167,0.5794639535878857,0.139526774269136,0.0,0.0,0.0
12,CatBoost,cat_cfg1_depth5_lr002,only_top1_groups,only_top_groups,1,monthly_lag/magnitude_extreme,60,121042,f1,0.36,inner_validation_frozen_csv,PROJECT_ROOT/outputs/shap_inner_validation_catboost_extratrees_xgb_binary_m5/selected_groups_inner_validation.csv,9f88101bcec6c7f99fce864c5174eeb1a6933ed5ddc75035c2e0719f4f4a8ce8,False,PROJECT_ROOT/outputs/feature_group_ablation_inner_frozen_cat_et_xgb_m5/predictions/predictions_test_catboost_H12m_only_top1_groups.csv,,9095,0.2472787245739417,0.2325453545904343,0.8020890599230346,0.6061465721040189,0.5700311249444198,0.5875343721356554,0.5985619572322347,0.8200441147797437,0.6162402363410044,0.1362987889233523,1282,833,967,6013,0.8273091023543167,0.5794639535878857,0.139526774269136,-0.007264987574572945,0.03677628275311873,-0.0032279853457837238
12,CatBoost,cat_cfg1_depth5_lr002,remove_top1_groups,remove_top_groups,1,monthly_lag/magnitude_extreme,222,121042,f1,0.3,inner_validation_frozen_csv,PROJECT_ROOT/outputs/shap_inner_validation_catboost_extratrees_xgb_binary_m5/selected_groups_inner_validation.csv,9f88101bcec6c7f99fce864c5174eeb1a6933ed5ddc75035c2e0719f4f4a8ce8,False,PROJECT_ROOT/outputs/feature_group_ablation_inner_frozen_cat_et_xgb_m5/predictions/predictions_test_catboost_H12m_remove_top1_groups.csv,,9095,0.2472787245739417,0.2481583287520615,0.7994502473886751,0.5941515285777581,0.5962650066696309,0.5952063914780292,0.5945730247406225,0.8263830245194832,0.5838408873510007,0.1394949588666134,1341,916,908,5930,0.8273091023543167,0.5794639535878857,0.139526774269136,-0.0009260778348334497,0.004376933763114987,-3.181540252261694e-05
12,CatBoost,cat_cfg1_depth5_lr002,only_top2_groups,only_top_groups,2,monthly_lag/magnitude_extreme; annual/magnitude_extreme,65,121042,f1,0.32,inner_validation_frozen_csv,PROJECT_ROOT/outputs/shap_inner_validation_catboost_extratrees_xgb_binary_m5/selected_groups_inner_validation.csv,9f88101bcec6c7f99fce864c5174eeb1a6933ed5ddc75035c2e0719f4f4a8ce8,False,PROJECT_ROOT/outputs/feature_group_ablation_inner_frozen_cat_et_xgb_m5/predictions/predictions_test_catboost_H12m_only_top2_groups.csv,,9095,0.2472787245739417,0.2623419461242441,0.7859263331500824,0.5632858340318525,0.5975989328590484,0.5799352750809063,0.5698295599084203,0.8161450858089037,0.602824696753833,0.1371974118267224,1344,1042,905,5804,0.8273091023543167,0.5794639535878857,0.139526774269136,-0.011164016545412991,0.023360743165947273,-0.0023293624424136072
12,CatBoost,cat_cfg1_depth5_lr002,remove_top2_groups,remove_top_groups,2,monthly_lag/magnitude_extreme; annual/magnitude_extreme,217,121042,f1,0.22,inner_validation_frozen_csv,PROJECT_ROOT/outputs/shap_inner_validation_catboost_extratrees_xgb_binary_m5/selected_groups_inner_validation.csv,9f88101bcec6c7f99fce864c5174eeb1a6933ed5ddc75035c2e0719f4f4a8ce8,False,PROJECT_ROOT/outputs/feature_group_ablation_inner_frozen_cat_et_xgb_m5/predictions/predictions_test_catboost_H12m_remove_top2_groups.csv,,9095,0.2472787245739417,0.3406267179769104,0.7621770203408467,0.513879922530665,0.7078701645175633,0.5954740976248364,0.5436787104705962,0.8207735265077724,0.5881845192684407,0.1404950772501128,1592,1506,657,5340,0.8273091023543167,0.5794639535878857,0.139526774269136,-0.006535575846544295,0.008720565680555015,0.0009683029809767763
12,CatBoost,cat_cfg1_depth5_lr002,only_top3_groups,only_top_groups,3,monthly_lag/magnitude_extreme; annual/magnitude_extreme; last100/temporal_clustering,74,121042,f1,0.28,inner_validation_frozen_csv,PROJECT_ROOT/outputs/shap_inner_validation_catboost_extratrees_xgb_binary_m5/selected_groups_inner_validation.csv,9f88101bcec6c7f99fce864c5174eeb1a6933ed5ddc75035c2e0719f4f4a8ce8,False,PROJECT_ROOT/outputs/feature_group_ablation_inner_frozen_cat_et_xgb_m5/predictions/predictions_test_catboost_H12m_only_top3_groups.csv,,9095,0.2472787245739417,0.2819131390874106,0.7843870258383727,0.5561622464898596,0.6340595820364606,0.5925618117598171,0.570171931227509,0.8206257671309622,0.5831510127927626,0.1392805668676535,1426,1138,823,5708,0.8273091023543167,0.5794639535878857,0.139526774269136,-0.006683335223354403,0.0036870592048768858,-0.0002462074014825122
12,CatBoost,cat_cfg1_depth5_lr002,remove_top3_groups,remove_top_groups,3,monthly_lag/magnitude_extreme; annual/magnitude_extreme; last100/temporal_clustering,208,121042,f1,0.28,inner_validation_frozen_csv,PROJECT_ROOT/outputs/shap_inner_validation_catboost_extratrees_xgb_binary_m5/selected_groups_inner_validation.csv,9f88101bcec6c7f99fce864c5174eeb1a6933ed5ddc75035c2e0719f4f4a8ce8,False,PROJECT_ROOT/outputs/feature_group_ablation_inner_frozen_cat_et_xgb_m5/predictions/predictions_test_catboost_H12m_remove_top3_groups.csv,,9095,0.2472787245739417,0.2653106102253986,0.7847168774051677,0.5602983837546622,0.6011560693641619,0.58000858000858,0.5680194941601546,0.8127165161989093,0.56157433213306,0.1443252580567759,1352,1061,897,5785,0.8273091023543167,0.5794639535878857,0.139526774269136,-0.014592586155407372,-0.017889621454825755,0.00479848378763989
12,XGBoost,xgb_cfg4_strong_reg,full_features,full,0,ALL,282,122042,f1,0.3,inner_validation_frozen_csv,PROJECT_ROOT/outputs/shap_inner_validation_catboost_extratrees_xgb_binary_m5/selected_groups_inner_validation.csv,9f88101bcec6c7f99fce864c5174eeb1a6933ed5ddc75035c2e0719f4f4a8ce8,False,PROJECT_ROOT/outputs/feature_group_ablation_inner_frozen_cat_et_xgb_m5/predictions/predictions_test_xgboost_H12m_full_features.csv,,9095,0.2472787245739417,0.2336448598130841,0.8005497526113249,0.6023529411764705,0.5691418408181413,0.5852766346593506,0.5954042236487116,0.8235618920838255,0.5774836289850757,0.1409425026369347,1280,845,969,6001,0.8235618920838255,0.5774836289850757,0.1409425026369347,0.0,0.0,0.0
12,XGBoost,xgb_cfg4_strong_reg,only_top1_groups,only_top_groups,1,monthly_lag/magnitude_extreme,60,122042,f1,0.32,inner_validation_frozen_csv,PROJECT_ROOT/outputs/shap_inner_validation_catboost_extratrees_xgb_binary_m5/selected_groups_inner_validation.csv,9f88101bcec6c7f99fce864c5174eeb1a6933ed5ddc75035c2e0719f4f4a8ce8,False,PROJECT_ROOT/outputs/feature_group_ablation_inner_frozen_cat_et_xgb_m5/predictions/predictions_test_xgboost_H12m_only_top1_groups.csv,,9095,0.2472787245739417,0.2634414513468939,0.7907641561297416,0.57220367278798,0.6096042685638061,0.5903121636167923,0.5793120932984028,0.8197119971650983,0.6159335869980598,0.1365162743766364,1371,1025,878,5821,0.8235618920838255,0.5774836289850757,0.1409425026369347,-0.0038498949187271148,0.03844995801298412,-0.004426228260298287
12,XGBoost,xgb_cfg4_strong_reg,remove_top1_groups,remove_top_groups,1,monthly_lag/magnitude_extreme,222,122042,f1,0.26,inner_validation_frozen_csv,PROJECT_ROOT/outputs/shap_inner_validation_catboost_extratrees_xgb_binary_m5/selected_groups_inner_validation.csv,9f88101bcec6c7f99fce864c5174eeb1a6933ed5ddc75035c2e0719f4f4a8ce8,False,PROJECT_ROOT/outputs/feature_group_ablation_inner_frozen_cat_et_xgb_m5/predictions/predictions_test_xgboost_H12m_remove_top1_groups.csv,,9095,0.2472787245739417,0.2752061572292468,0.7888949972512369,0.5657211346384339,0.629613161405069,0.5959595959595959,0.5774406655248348,0.8224930884333701,0.5801402375548028,0.1407710914086581,1416,1087,833,5759,0.8235618920838255,0.5774836289850757,0.1409425026369347,-0.0010688036504553633,0.002656608569727159,-0.00017141122827660227
12,XGBoost,xgb_cfg4_strong_reg,only_top2_groups,only_top_groups,2,monthly_lag/magnitude_extreme; annual/magnitude_extreme,65,122042,f1,0.32,inner_validation_frozen_csv,PROJECT_ROOT/outputs/shap_inner_validation_catboost_extratrees_xgb_binary_m5/selected_groups_inner_validation.csv,9f88101bcec6c7f99fce864c5174eeb1a6933ed5ddc75035c2e0719f4f4a8ce8,False,PROJECT_ROOT/outputs/feature_group_ablation_inner_frozen_cat_et_xgb_m5/predictions/predictions_test_xgboost_H12m_only_top2_groups.csv,,9095,0.2472787245739417,0.2763056624518966,0.7814183617372182,0.5519299641862316,0.6167185415740329,0.5825283494330113,0.5637753028209089,0.81628657759017,0.6020104104011939,0.1374535346240213,1387,1126,862,5720,0.8235618920838255,0.5774836289850757,0.1409425026369347,-0.0072753144936554826,0.024526781416118193,-0.0034889680129134015
12,XGBoost,xgb_cfg4_strong_reg,remove_top2_groups,remove_top_groups,2,monthly_lag/magnitude_extreme; annual/magnitude_extreme,217,122042,f1,0.28,inner_validation_frozen_csv,PROJECT_ROOT/outputs/shap_inner_validation_catboost_extratrees_xgb_binary_m5/selected_groups_inner_validation.csv,9f88101bcec6c7f99fce864c5174eeb1a6933ed5ddc75035c2e0719f4f4a8ce8,False,PROJECT_ROOT/outputs/feature_group_ablation_inner_frozen_cat_et_xgb_m5/predictions/predictions_test_xgboost_H12m_remove_top2_groups.csv,,9095,0.2472787245739417,0.2584936778449697,0.7873556899395272,0.5669927690344534,0.5927078701645175,0.5795652173913043,0.5719557195571956,0.8166261318855382,0.5851295688020512,0.1412756024210031,1333,1018,916,5828,0.8235618920838255,0.5774836289850757,0.1409425026369347,-0.006935760198287233,0.007645939816975589,0.0003330997840683969
12,XGBoost,xgb_cfg4_strong_reg,only_top3_groups,only_top_groups,3,monthly_lag/magnitude_extreme; annual/magnitude_extreme; last100/temporal_clustering,74,122042,f1,0.32,inner_validation_frozen_csv,PROJECT_ROOT/outputs/shap_inner_validation_catboost_extratrees_xgb_binary_m5/selected_groups_inner_validation.csv,9f88101bcec6c7f99fce864c5174eeb1a6933ed5ddc75035c2e0719f4f4a8ce8,False,PROJECT_ROOT/outputs/feature_group_ablation_inner_frozen_cat_et_xgb_m5/predictions/predictions_test_xgboost_H12m_only_top3_groups.csv,,9095,0.2472787245739417,0.2527762506871908,0.7954920285871357,0.5846020008699434,0.5975989328590484,0.5910290237467019,0.5871559633027522,0.823817629466766,0.5971787156723469,0.1374646167963906,1344,955,905,5891,0.8235618920838255,0.5774836289850757,0.1409425026369347,0.00025573738294049075,0.019695086687271268,-0.0034778858405440927
12,XGBoost,xgb_cfg4_strong_reg,remove_top3_groups,remove_top_groups,3,monthly_lag/magnitude_extreme; annual/magnitude_extreme; last100/temporal_clustering,208,122042,f1,0.3,inner_validation_frozen_csv,PROJECT_ROOT/outputs/shap_inner_validation_catboost_extratrees_xgb_binary_m5/selected_groups_inner_validation.csv,9f88101bcec6c7f99fce864c5174eeb1a6933ed5ddc75035c2e0719f4f4a8ce8,False,PROJECT_ROOT/outputs/feature_group_ablation_inner_frozen_cat_et_xgb_m5/predictions/predictions_test_xgboost_H12m_remove_top3_groups.csv,,9095,0.2472787245739417,0.2222100054975261,0.7913139087410666,0.58683819891143,0.5273454868830592,0.555503512880562,0.5738894803058163,0.8098061111199875,0.5718224832689391,0.1443847762560213,1186,835,1063,6011,0.8235618920838255,0.5774836289850757,0.1409425026369347,-0.013755780963838005,-0.0056611457161365175,0.003442273619086611
